video_title_keyword,tmdb_query,tmdb_id,media_type
One Hundred Years of Solitude,One Hundred Years of Solitude,207333,tv
The Idaho Murders: College Nightmare,The Idaho Murders: College Nightmare,328735,tv
StrangerThings,Stranger Things,66732,tv
A Child of My Own,A Child of My Own,1616131,movie
Descendants: Wicked Wonderland,Descendants: Wicked Wonderland,1318621,movie
The Proud Family: Louder and Prouder,The Proud Family: Louder and Prouder,125438,tv
Dream to You,Dream to You,301412,tv
Love For You,Love for You,195815,tv
Road to Success,Road to Success,285143,tv
Ashes to Crown,Ashes to Crown,289271,tv
Reborn Rookie,Reborn Rookie,299365,tv
