"date","clienttype","position_id","banner_position","title","uv_expose_count","uv_click_count","vv_expose_count","vv_click_count","ctr_uv","ctr_pv"
"2026-08-12","and","日剧-banner","1","今夜、就算这份爱恋从世界上消失","21","0","22","0","0","0"
"2026-08-12","and","日剧-banner","1","别班 第二季","14987","304","32966","726","0.0203","0.022"
"2026-08-12","and","日剧-banner","1","想一个人死去","1","0","2","0","0","0"
"2026-08-12","and","日剧-banner","1","犯罪者","922","9","1075","10","0.0098","0.0093"
"2026-08-12","and","日剧-banner","1","请和我的老公结婚","5","0","5","0","0","0"
"2026-08-12","and","日剧-banner","10","度假法则","10718","221","11625","245","0.0206","0.0211"
"2026-08-12","and","日剧-banner","12","别班 第二季","14987","304","32966","726","0.0203","0.022"
"2026-08-12","and","日剧-banner","14","别班 第二季","14987","304","16483","363","0.0203","0.022"
"2026-08-12","and","日剧-banner","17","犯罪者","922","9","1075","10","0.0098","0.0093"
"2026-08-12","and","日剧-banner","18","犯罪者","922","9","1075","10","0.0098","0.0093"
"2026-08-12","and","日剧-banner","2","度假法则","10718","221","23250","490","0.0206","0.0211"
"2026-08-12","and","日剧-banner","2","我们由奇迹构成","4","0","4","0","0","0"
"2026-08-12","and","日剧-banner","2","新攻壳机动队","99","0","105","0","0","0"
"2026-08-12","and","日剧-banner","2","直到T恤干了为止","3006","67","3162","71","0.0223","0.0225"
"2026-08-12","and","日剧-banner","20","犯罪者","922","9","1075","10","0.0098","0.0093"
"2026-08-12","and","日剧-banner","22","直到T恤干了为止","3006","67","3162","71","0.0223","0.0225"
"2026-08-12","and","日剧-banner","23","直到T恤干了为止","3006","67","6324","142","0.0223","0.0225"
"2026-08-12","and","日剧-banner","3","不良一族寻爱记 第二季","5163","97","10926","210","0.0188","0.0192"
"2026-08-12","and","日剧-banner","3","你的喜欢无与伦比","160","1","173","1","0.0063","0.0058"
"2026-08-12","and","日剧-banner","3","想一个人死去","1","0","5","0","0","0"
"2026-08-12","and","日剧-banner","3","我的危险妻子","3","0","3","0","0","0"
"2026-08-12","and","日剧-banner","4","二十世纪电气目录","1","0","1","0","0","0"
"2026-08-12","and","日剧-banner","4","告白：第25年的秘密","129","4","138","4","0.031","0.029"
"2026-08-12","and","日剧-banner","4","女神探夏洛克","3","0","3","0","0","0"
"2026-08-12","and","日剧-banner","4","直到T恤干了为止","3006","67","6324","142","0.0223","0.0225"
"2026-08-12","and","日剧-banner","5","今夜、就算这份爱恋从世界上消失","21","0","22","0","0","0"
"2026-08-12","and","日剧-banner","5","气体人","112","1","120","1","0.0089","0.0083"
"2026-08-12","and","日剧-banner","5","麻辣教师 第二季","3524","66","7372","142","0.0187","0.0193"
"2026-08-12","and","日剧-banner","5","黄昏的清兵卫","2","0","2","0","0","0"
"2026-08-12","and","日剧-banner","6","ALIUS - 特定事件调查档案","3076","94","6402","220","0.0306","0.0344"
"2026-08-12","and","日剧-banner","6","宽松世代又如何SP：纯米吟酿纯情篇","2","0","2","0","0","0"
"2026-08-12","and","日剧-banner","6","新攻壳机动队","99","0","105","0","0","0"
"2026-08-12","and","日剧-banner","7","一次元的扦插","4","1","5","1","0.25","0.2"
"2026-08-12","and","日剧-banner","9","度假法则","10718","221","23250","490","0.0206","0.0211"
"2026-08-12","and","泰剧-banner","1","四方极爱2：西方篇 番外","27295","2545","67100","6062","0.0932","0.0903"
"2026-08-12","and","泰剧-banner","1","我们的排练","12054","785","13633","916","0.0651","0.0672"
"2026-08-12","and","泰剧-banner","1","萨瓦迪卡—泰境奇缘","1","0","4","0","0","0"
"2026-08-12","and","泰剧-banner","15","隐欲囚笼","2","0","4","0","0","0"
"2026-08-12","and","泰剧-banner","17","隐欲囚笼","2","0","2","0","0","0"
"2026-08-12","and","泰剧-banner","2","萨瓦迪卡—泰境奇缘","1","0","4","0","0","0"
"2026-08-12","and","泰剧-banner","2","解垢","93","0","101","0","0","0"
"2026-08-12","and","泰剧-banner","2","阳角群体里的芹泽在我面前不太对劲","31124","1922","78202","4314","0.0618","0.0552"
"2026-08-12","and","泰剧-banner","3","心动禁止","86","2","92","3","0.0233","0.0326"
"2026-08-12","and","泰剧-banner","3","指尖浪漫 第二季","24526","928","58166","2116","0.0378","0.0364"
"2026-08-12","and","泰剧-banner","3","曼波奇缘","2","0","3","0","0","0"
"2026-08-12","and","泰剧-banner","4","天赐仇爱","1","0","2","0","0","0"
"2026-08-12","and","泰剧-banner","4","我们的排练","12054","785","27266","1832","0.0651","0.0672"
"2026-08-12","and","泰剧-banner","4","绘梦婚礼","80","0","84","0","0","0"
"2026-08-12","and","泰剧-banner","5","初恋这件小事","1","0","1","0","0","0"
"2026-08-12","and","泰剧-banner","5","地平线边缘","73","0","77","0","0","0"
"2026-08-12","and","泰剧-banner","5","嫁入高门的男人","9922","618","22156","1368","0.0623","0.0617"
"2026-08-12","and","泰剧-banner","6","冬荫功2：拳霸天下","1","0","1","0","0","0"
"2026-08-12","and","泰剧-banner","6","恋爱开运点","8476","558","18762","1216","0.0658","0.0648"
"2026-08-12","and","泰剧-banner","6","爱冲云霄","70","1","73","1","0.0143","0.0137"
"2026-08-12","and","泰剧-banner","7","换座位后发现身后的男生好像喜欢我","2560","176","5326","386","0.0688","0.0725"
"2026-08-12","and","电影-banner","1","暴力苏醒","5290","43","7818","47","0.0081","0.006"
"2026-08-12","and","电影-banner","1","最后孤屋","43229","946","99884","2098","0.0219","0.021"
"2026-08-12","and","电影-banner","10","你的错误：伦敦版","49","0","49","0","0","0"
"2026-08-12","and","电影-banner","13","你的错误：伦敦版","49","0","49","0","0","0"
"2026-08-12","and","电影-banner","14","你的错误：伦敦版","49","0","49","0","0","0"
"2026-08-12","and","电影-banner","14","灵魂伴侣","18727","570","20203","619","0.0304","0.0306"
"2026-08-12","and","电影-banner","18","灵魂伴侣","18727","570","40406","1238","0.0304","0.0306"
"2026-08-12","and","电影-banner","2","七宗罪","1","0","1","0","0","0"
"2026-08-12","and","电影-banner","2","法外之徒","439","13","471","15","0.0296","0.0318"
"2026-08-12","and","电影-banner","2","灵魂伴侣","18727","570","40406","1238","0.0304","0.0306"
"2026-08-12","and","电影-banner","3","BJ单身日记","202","3","212","3","0.0149","0.0142"
"2026-08-12","and","电影-banner","3","一年之痒","325","3","348","3","0.0092","0.0086"
"2026-08-12","and","电影-banner","3","福尔摩斯小姐：伦敦厄运","2","0","4","0","0","0"
"2026-08-12","and","电影-banner","3","鬼玩人6：炼狱","12212","299","25982","648","0.0245","0.0249"
"2026-08-12","and","电影-banner","4","克洛伊","230","5","246","6","0.0217","0.0244"
"2026-08-12","and","电影-banner","4","娜塔丽","262","6","283","6","0.0229","0.0212"
"2026-08-12","and","电影-banner","4","恶魔之口","10564","234","22314","486","0.0222","0.0218"
"2026-08-12","and","电影-banner","5","克洛伊","230","5","246","6","0.0217","0.0244"
"2026-08-12","and","电影-banner","5","帕丁顿熊","1","0","1","0","0","0"
"2026-08-12","and","电影-banner","5","群体","9328","200","19634","438","0.0214","0.0223"
"2026-08-12","and","电影-banner","6","BJ单身日记","202","3","212","3","0.0149","0.0142"
"2026-08-12","and","电影-banner","6","七宗罪","1","0","1","0","0","0"
"2026-08-12","and","电影-banner","6","娜塔丽","262","6","283","6","0.0229","0.0212"
"2026-08-12","and","电影-banner","6","最后孤屋","43229","946","49942","1049","0.0219","0.021"
"2026-08-12","and","电影-banner","6","福尔摩斯小姐3","8531","105","17898","256","0.0123","0.0143"
"2026-08-12","and","电影-banner","7","帕丁顿熊","1","0","1","0","0","0"
"2026-08-12","and","电影-banner","8","宿醉","4","0","4","0","0","0"
"2026-08-12","and","电影-banner","8","最后孤屋","43229","946","99884","2098","0.0219","0.021"
"2026-08-12","and","电影-banner","8","闪灵","2","0","2","0","0","0"
"2026-08-12","and","电影-banner","9","惩罚者2：战争特区","5","0","5","0","0","0"
"2026-08-12","and","精选-banner","1","下流大盗","1","0","2","0","0","0"
"2026-08-12","and","精选-banner","1","人人电脑端","4","0","10","0","0","0"
"2026-08-12","and","精选-banner","1","人到30又如何","49","0","117","0","0","0"
"2026-08-12","and","精选-banner","1","从地狱来的法官","1","0","2","0","0","0"
"2026-08-12","and","精选-banner","1","侠探杰克 第四季","218559","4296","1218300","20156","0.0197","0.0165"
"2026-08-12","and","精选-banner","1","别班 第二季","323","1","686","2","0.0031","0.0029"
"2026-08-12","and","精选-banner","1","化外之医","1","0","1","0","0","0"
"2026-08-12","and","精选-banner","1","协商的技术","1","0","1","0","0","0"
"2026-08-12","and","精选-banner","1","厨神觉醒从一笼包子开始","4601","19","7654","25","0.0041","0.0033"
"2026-08-12","and","精选-banner","1","善良的他","10","0","10","0","0","0"
"2026-08-12","and","精选-banner","1","地雷区","10729","84","19011","98","0.0078","0.0052"
"2026-08-12","and","精选-banner","1","坏记忆橡皮擦","4","0","4","0","0","0"
"2026-08-12","and","精选-banner","1","塑胶花","1","0","1","0","0","0"
"2026-08-12","and","精选-banner","1","天国与地狱","45","0","47","0","0","0"
"2026-08-12","and","精选-banner","1","妈妈朋友的儿子","1","0","2","0","0","0"
"2026-08-12","and","精选-banner","1","宝物岛","1","0","1","0","0","0"
"2026-08-12","and","精选-banner","1","家族计划","3","0","8","0","0","0"
"2026-08-12","and","精选-banner","1","怒水西流","1","0","1","0","0","0"
"2026-08-12","and","精选-banner","1","想一个人死去","2","0","4","0","0","0"
"2026-08-12","and","精选-banner","1","我们的电影","2","0","2","0","0","0"
"2026-08-12","and","精选-banner","1","我的天才女友 第四季","1","0","1","0","0","0"
"2026-08-12","and","精选-banner","1","我的荒糖恋爱","447100","8257","2398257","29319","0.0185","0.0122"
"2026-08-12","and","精选-banner","1","护你良辰 赠我繁星","2073","11","2525","12","0.0053","0.0048"
"2026-08-12","and","精选-banner","1","拿着手术刀的猎人","1","0","2","0","0","0"
"2026-08-12","and","精选-banner","1","暴君的厨师","3","0","11","0","0","0"
"2026-08-12","and","精选-banner","1","暴风圈","5","0","15","0","0","0"
"2026-08-12","and","精选-banner","1","最后孤屋","47343","659","105154","1470","0.0139","0.014"
"2026-08-12","and","精选-banner","1","母狮 第三季","1742","36","2040","46","0.0207","0.0225"
"2026-08-12","and","精选-banner","1","比天堂还美丽","1","0","1","0","0","0"
"2026-08-12","and","精选-banner","1","比海更深","2477","14","2881","17","0.0057","0.0059"
"2026-08-12","and","精选-banner","1","爱在独木桥","1","0","1","0","0","0"
"2026-08-12","and","精选-banner","1","犯罪者","517","2","560","3","0.0039","0.0054"
"2026-08-12","and","精选-banner","1","瑞草洞","5","0","10","0","0","0"
"2026-08-12","and","精选-banner","1","监察","2","0","2","0","0","0"
"2026-08-12","and","精选-banner","1","破·地狱","1555","94","7302","294","0.0605","0.0403"
"2026-08-12","and","精选-banner","1","离婚保险","1","0","5","0","0","0"
"2026-08-12","and","精选-banner","1","纸钞屋：柏林","1","0","1","0","0","0"
"2026-08-12","and","精选-banner","1","终极名单：黑狼","14","0","30","0","0","0"
"2026-08-12","and","精选-banner","1","美好的一天","1","0","1","0","0","0"
"2026-08-12","and","精选-banner","1","芭妮与哥哥们","2","0","2","0","0","0"
"2026-08-12","and","精选-banner","1","萨瓦迪卡—泰境奇缘","10","0","10","0","0","0"
"2026-08-12","and","精选-banner","1","请和我的老公结婚","6","0","7","0","0","0"
"2026-08-12","and","精选-banner","1","辐射","2","0","2","0","0","0"
"2026-08-12","and","精选-banner","1","顶级较量","2","0","2","0","0","0"
"2026-08-12","and","精选-banner","1","鬼宫","3","0","3","0","0","0"
"2026-08-12","and","精选-banner","1","鬼谜东宫","2091","11","2621","11","0.0053","0.0042"
"2026-08-12","and","精选-banner","1","魔女","3","0","7","0","0","0"
"2026-08-12","and","精选-banner","10","你的错误：伦敦版","194","0","201","0","0","0"
"2026-08-12","and","精选-banner","10","回声","1","0","1","0","0","0"
"2026-08-12","and","精选-banner","10","度假法则","778","14","854","15","0.018","0.0176"
"2026-08-12","and","精选-banner","10","我的偶像总裁","1858","20","1967","23","0.0108","0.0117"
"2026-08-12","and","精选-banner","11","成名在望","69","0","142","0","0","0"
"2026-08-12","and","精选-banner","11","我的偶像总裁","1858","20","1967","23","0.0108","0.0117"
"2026-08-12","and","精选-banner","12","别班 第二季","323","1","686","2","0.0031","0.0029"
"2026-08-12","and","精选-banner","12","善良的种类","1","0","1","0","0","0"
"2026-08-12","and","精选-banner","12","成名在望","69","0","71","0","0","0"
"2026-08-12","and","精选-banner","12","鸡皮疙瘩(剧版) 第二季","3","0","5","0","0","0"
"2026-08-12","and","精选-banner","13","你的错误：伦敦版","194","0","201","0","0","0"
"2026-08-12","and","精选-banner","13","宛如阿修罗","1","0","1","0","0","0"
"2026-08-12","and","精选-banner","13","母狮 第三季","1742","36","4080","92","0.0207","0.0225"
"2026-08-12","and","精选-banner","14","你的错误：伦敦版","194","0","201","0","0","0"
"2026-08-12","and","精选-banner","14","别班 第二季","323","1","343","1","0.0031","0.0029"
"2026-08-12","and","精选-banner","14","梅菲尔女巫 第二季","1","0","1","0","0","0"
"2026-08-12","and","精选-banner","14","灵魂伴侣","414","5","457","6","0.0121","0.0131"
"2026-08-12","and","精选-banner","15","克拉克森的农场 第五季","62","1","64","1","0.0161","0.0156"
"2026-08-12","and","精选-banner","15","隐欲囚笼","943","4","1992","8","0.0042","0.004"
"2026-08-12","and","精选-banner","16","炸鸡块奇遇记","1","0","1","0","0","0"
"2026-08-12","and","精选-banner","16","现在不是出轨的问题","1330","11","4509","36","0.0083","0.008"
"2026-08-12","and","精选-banner","17","克拉克森的农场 第五季","62","1","64","1","0.0161","0.0156"
"2026-08-12","and","精选-banner","17","犯罪者","517","2","560","3","0.0039","0.0054"
"2026-08-12","and","精选-banner","17","隐欲囚笼","943","4","996","4","0.0042","0.004"
"2026-08-12","and","精选-banner","17","鱿鱼游戏 第二季","7","0","7","0","0","0"
"2026-08-12","and","精选-banner","18","灵魂伴侣","414","5","914","12","0.0121","0.0131"
"2026-08-12","and","精选-banner","18","犯罪者","517","2","560","3","0.0039","0.0054"
"2026-08-12","and","精选-banner","18","紧急呼救第七季","1","0","1","0","0","0"
"2026-08-12","and","精选-banner","19","欠你的那场婚礼","207","1","699","3","0.0048","0.0043"
"2026-08-12","and","精选-banner","19","百年孤独","4","0","4","0","0","0"
"2026-08-12","and","精选-banner","2","七宗罪","84","0","94","0","0","0"
"2026-08-12","and","精选-banner","2","下流大盗","1","0","2","0","0","0"
"2026-08-12","and","精选-banner","2","从地狱来的法官","1","0","1","0","0","0"
"2026-08-12","and","精选-banner","2","你的好邻居蜘蛛侠","7","0","16","0","0","0"
"2026-08-12","and","精选-banner","2","健将联盟","9","0","10","0","0","0"
"2026-08-12","and","精选-banner","2","偶像失格","41","2","79","3","0.0488","0.038"
"2026-08-12","and","精选-banner","2","克拉克森的农场 第五季","62","1","128","2","0.0161","0.0156"
"2026-08-12","and","精选-banner","2","刺客信条","1","0","1","0","0","0"
"2026-08-12","and","精选-banner","2","劳务师卢武镇","1","0","3","0","0","0"
"2026-08-12","and","精选-banner","2","协商的技术","1","0","1","0","0","0"
"2026-08-12","and","精选-banner","2","善良的他","10","0","10","0","0","0"
"2026-08-12","and","精选-banner","2","天国与地狱","45","0","47","0","0","0"
"2026-08-12","and","精选-banner","2","好搭档","3","0","3","0","0","0"
"2026-08-12","and","精选-banner","2","家族计划","3","0","4","0","0","0"
"2026-08-12","and","精选-banner","2","小小的我","2381","38","8724","117","0.016","0.0134"
"2026-08-12","and","精选-banner","2","度假法则","778","14","1708","30","0.018","0.0176"
"2026-08-12","and","精选-banner","2","我的荒糖恋爱","447100","8257","1598838","19546","0.0185","0.0122"
"2026-08-12","and","精选-banner","2","我的青春","5","0","5","0","0","0"
"2026-08-12","and","精选-banner","2","护你良辰 赠我繁星","2073","11","2525","12","0.0053","0.0048"
"2026-08-12","and","精选-banner","2","拿着手术刀的猎人","1","0","1","0","0","0"
"2026-08-12","and","精选-banner","2","新乌托邦","1","0","1","0","0","0"
"2026-08-12","and","精选-banner","2","新攻壳机动队","124","0","139","0","0","0"
"2026-08-12","and","精选-banner","2","春画恋爱谈","2","0","2","0","0","0"
"2026-08-12","and","精选-banner","2","暴君的厨师","3","0","44","0","0","0"
"2026-08-12","and","精选-banner","2","暴风圈","5","0","20","0","0","0"
"2026-08-12","and","精选-banner","2","杀手妈咪","128466","1399","172086","1486","0.0109","0.0086"
"2026-08-12","and","精选-banner","2","比天堂还美丽","1","0","2","0","0","0"
"2026-08-12","and","精选-banner","2","比海更深","2477","14","2881","17","0.0057","0.0059"
"2026-08-12","and","精选-banner","2","流人 第四季","2","0","2","0","0","0"
"2026-08-12","and","精选-banner","2","浪漫这一家","1","0","1","0","0","0"
"2026-08-12","and","精选-banner","2","灵魂伴侣","414","5","914","12","0.0121","0.0131"
"2026-08-12","and","精选-banner","2","照明商店","1","0","2","0","0","0"
"2026-08-12","and","精选-banner","2","爱在独木桥","1","0","1","0","0","0"
"2026-08-12","and","精选-banner","2","狂医魔徒","2","0","2","0","0","0"
"2026-08-12","and","精选-banner","2","病娇太子扶腰宠","1323","6","1591","6","0.0045","0.0038"
"2026-08-12","and","精选-banner","2","百万美元酒店","5277","39","6622","41","0.0074","0.0062"
"2026-08-12","and","精选-banner","2","监察","2","0","2","0","0","0"
"2026-08-12","and","精选-banner","2","直到T恤干了为止","146","0","166","0","0","0"
"2026-08-12","and","精选-banner","2","石油天王","2","0","2","0","0","0"
"2026-08-12","and","精选-banner","2","离婚保险","1","0","1","0","0","0"
"2026-08-12","and","精选-banner","2","给你梦想","476","1","615","1","0.0021","0.0016"
"2026-08-12","and","精选-banner","2","美好的一天","1","0","1","0","0","0"
"2026-08-12","and","精选-banner","2","萨瓦迪卡—泰境奇缘","10","0","10","0","0","0"
"2026-08-12","and","精选-banner","2","解垢","37","0","38","0","0","0"
"2026-08-12","and","精选-banner","2","豺狼的日子","3","0","4","0","0","0"
"2026-08-12","and","精选-banner","2","财阀X刑警 第二季","84938","1345","98669","1505","0.0158","0.0153"
"2026-08-12","and","精选-banner","2","阳角群体里的芹泽在我面前不太对劲","101","3","206","6","0.0297","0.0291"
"2026-08-12","and","精选-banner","2","青春碎片","205835","2245","289048","2483","0.0109","0.0086"
"2026-08-12","and","精选-banner","2","鬼宫","3","0","6","0","0","0"
"2026-08-12","and","精选-banner","20","克拉克森的农场 第五季","62","1","64","1","0.0161","0.0156"
"2026-08-12","and","精选-banner","20","犯罪者","517","2","560","3","0.0039","0.0054"
"2026-08-12","and","精选-banner","20","行尸走肉：死亡之城 第三季","586","3","671","3","0.0051","0.0045"
"2026-08-12","and","精选-banner","21","未选之人","17","0","19","0","0","0"
"2026-08-12","and","精选-banner","21","杀人者的购物中心2","4484","40","5491","41","0.0089","0.0075"
"2026-08-12","and","精选-banner","21","梦境制片厂","1","0","1","0","0","0"
"2026-08-12","and","精选-banner","21","犯罪记录 第二季","12","1","13","1","0.0833","0.0769"
"2026-08-12","and","精选-banner","22","杀人者的购物中心2","4484","40","10982","82","0.0089","0.0075"
"2026-08-12","and","精选-banner","22","直到T恤干了为止","146","0","166","0","0","0"
"2026-08-12","and","精选-banner","22","秘密关卡","1","0","1","0","0","0"
"2026-08-12","and","精选-banner","23","未选之人","17","0","19","0","0","0"
"2026-08-12","and","精选-banner","23","直到T恤干了为止","146","0","332","0","0","0"
"2026-08-12","and","精选-banner","24","黑鸽 第一季","3","0","3","0","0","0"
"2026-08-12","and","精选-banner","3","S-line","2","0","2","0","0","0"
"2026-08-12","and","精选-banner","3","一箱情缘","3","0","5","0","0","0"
"2026-08-12","and","精选-banner","3","下流大盗","1","0","3","0","0","0"
"2026-08-12","and","精选-banner","3","今夜一起为爱鼓掌","1","0","1","0","0","0"
"2026-08-12","and","精选-banner","3","从地狱来的法官","1","0","1","0","0","0"
"2026-08-12","and","精选-banner","3","偶像失格","41","2","79","3","0.0488","0.038"
"2026-08-12","and","精选-banner","3","克拉克森的农场 第五季","62","1","64","1","0.0161","0.0156"
"2026-08-12","and","精选-banner","3","公寓","357","1","430","1","0.0028","0.0023"
"2026-08-12","and","精选-banner","3","十二使者","6","0","20","0","0","0"
"2026-08-12","and","精选-banner","3","善良的他","10","0","10","0","0","0"
"2026-08-12","and","精选-banner","3","坏记忆橡皮擦","4","0","8","0","0","0"
"2026-08-12","and","精选-banner","3","天国与地狱","45","0","47","0","0","0"
"2026-08-12","and","精选-banner","3","天堂岛疑云","1","0","1","0","0","0"
"2026-08-12","and","精选-banner","3","好或坏的东载","1","0","2","0","0","0"
"2026-08-12","and","精选-banner","3","好搭档","3","0","3","0","0","0"
"2026-08-12","and","精选-banner","3","妈妈朋友的儿子","1","0","1","0","0","0"
"2026-08-12","and","精选-banner","3","完美的日子","2","0","2","0","0","0"
"2026-08-12","and","精选-banner","3","家族计划","3","0","4","0","0","0"
"2026-08-12","and","精选-banner","3","将死之人","1","0","4","0","0","0"
"2026-08-12","and","精选-banner","3","局内人","1","0","1","0","0","0"
"2026-08-12","and","精选-banner","3","想一个人死去","2","0","10","0","0","0"
"2026-08-12","and","精选-banner","3","春画恋爱谈","2","0","4","0","0","0"
"2026-08-12","and","精选-banner","3","是偶然吗？","1","0","2","0","0","0"
"2026-08-12","and","精选-banner","3","暴君的厨师","3","0","22","0","0","0"
"2026-08-12","and","精选-banner","3","暴风圈","5","0","5","0","0","0"
"2026-08-12","and","精选-banner","3","杀手妈咪","128466","1399","344172","2972","0.0109","0.0086"
"2026-08-12","and","精选-banner","3","梦想成为律师的律师们","4","0","4","0","0","0"
"2026-08-12","and","精选-banner","3","波西米亚狂想曲","24","0","25","0","0","0"
"2026-08-12","and","精选-banner","3","瑞草洞","5","0","10","0","0","0"
"2026-08-12","and","精选-banner","3","病娇太子扶腰宠","1323","6","1591","6","0.0045","0.0038"
"2026-08-12","and","精选-banner","3","监察","2","0","2","0","0","0"
"2026-08-12","and","精选-banner","3","福尔摩斯小姐：伦敦厄运","2066","36","5164","78","0.0174","0.0151"
"2026-08-12","and","精选-banner","3","离婚保险","1","0","1","0","0","0"
"2026-08-12","and","精选-banner","3","第一夫人","1","0","2","0","0","0"
"2026-08-12","and","精选-banner","3","紧急呼救第七季","1","0","1","0","0","0"
"2026-08-12","and","精选-banner","3","美好的一天","1","0","2","0","0","0"
"2026-08-12","and","精选-banner","3","芭妮与哥哥们","2","0","2","0","0","0"
"2026-08-12","and","精选-banner","3","财阀X刑警 第二季","84938","1345","98669","1505","0.0158","0.0153"
"2026-08-12","and","精选-banner","3","辐射","2","0","6","0","0","0"
"2026-08-12","and","精选-banner","3","青春碎片","205835","2245","1156192","9932","0.0109","0.0086"
"2026-08-12","and","精选-banner","3","驭君心","870","2","989","2","0.0023","0.002"
"2026-08-12","and","精选-banner","3","驾驶我的车","3191","21","3794","23","0.0066","0.0061"
"2026-08-12","and","精选-banner","3","魔女","3","0","14","0","0","0"
"2026-08-12","and","精选-banner","4","S-line","2","0","4","0","0","0"
"2026-08-12","and","精选-banner","4","一箱情缘","3","0","5","0","0","0"
"2026-08-12","and","精选-banner","4","人到30又如何","49","0","117","0","0","0"
"2026-08-12","and","精选-banner","4","从地狱来的法官","1","0","2","0","0","0"
"2026-08-12","and","精选-banner","4","你的好邻居蜘蛛侠","7","0","8","0","0","0"
"2026-08-12","and","精选-banner","4","刺客信条","1","0","1","0","0","0"
"2026-08-12","and","精选-banner","4","十二使者","6","0","40","0","0","0"
"2026-08-12","and","精选-banner","4","协商的技术","1","0","1","0","0","0"
"2026-08-12","and","精选-banner","4","善良的他","10","0","30","0","0","0"
"2026-08-12","and","精选-banner","4","回声","1","0","1","0","0","0"
"2026-08-12","and","精选-banner","4","坏记忆橡皮擦","4","0","4","0","0","0"
"2026-08-12","and","精选-banner","4","天国与地狱","45","0","47","0","0","0"
"2026-08-12","and","精选-banner","4","好兆头 第三季","151","2","169","7","0.0132","0.0414"
"2026-08-12","and","精选-banner","4","好搭档","3","0","3","0","0","0"
"2026-08-12","and","精选-banner","4","妈妈朋友的儿子","1","0","2","0","0","0"
"2026-08-12","and","精选-banner","4","婚姻之后","908","4","1176","4","0.0044","0.0034"
"2026-08-12","and","精选-banner","4","宝物岛","1","0","1","0","0","0"
"2026-08-12","and","精选-banner","4","我们的电影","2","0","4","0","0","0"
"2026-08-12","and","精选-banner","4","护你良辰 赠我繁星","2073","11","2525","12","0.0053","0.0048"
"2026-08-12","and","精选-banner","4","拿着手术刀的猎人","1","0","2","0","0","0"
"2026-08-12","and","精选-banner","4","春画恋爱谈","2","0","2","0","0","0"
"2026-08-12","and","精选-banner","4","暗夜情报员","1","0","1","0","0","0"
"2026-08-12","and","精选-banner","4","暗夜情报员 第二季","2","0","2","0","0","0"
"2026-08-12","and","精选-banner","4","暴君的厨师","3","0","22","0","0","0"
"2026-08-12","and","精选-banner","4","暴风圈","5","0","5","0","0","0"
"2026-08-12","and","精选-banner","4","未选之人","17","0","19","0","0","0"
"2026-08-12","and","精选-banner","4","杀手妈咪","128466","1399","344172","2972","0.0109","0.0086"
"2026-08-12","and","精选-banner","4","检察官外传","3","0","6","0","0","0"
"2026-08-12","and","精选-banner","4","比海更深","2477","14","2881","17","0.0057","0.0059"
"2026-08-12","and","精选-banner","4","浪漫这一家","1","0","1","0","0","0"
"2026-08-12","and","精选-banner","4","照明商店","1","0","1","0","0","0"
"2026-08-12","and","精选-banner","4","狂医魔徒","2","0","6","0","0","0"
"2026-08-12","and","精选-banner","4","现在不是出轨的问题","1330","11","3006","24","0.0083","0.008"
"2026-08-12","and","精选-banner","4","百年孤独 第二季","91507","937","343719","3153","0.0102","0.0092"
"2026-08-12","and","精选-banner","4","直到T恤干了为止","146","0","332","0","0","0"
"2026-08-12","and","精选-banner","4","破绽","1350","65","1542","72","0.0481","0.0467"
"2026-08-12","and","精选-banner","4","第一夫人","1","0","5","0","0","0"
"2026-08-12","and","精选-banner","4","美好的一天","1","0","2","0","0","0"
"2026-08-12","and","精选-banner","4","西游ABC","1","0","1","0","0","0"
"2026-08-12","and","精选-banner","4","驭君心","870","2","989","2","0.0023","0.002"
"2026-08-12","and","精选-banner","4","魔女","3","0","7","0","0","0"
"2026-08-12","and","精选-banner","5","S-line","2","0","2","0","0","0"
"2026-08-12","and","精选-banner","5","一箱情缘","3","0","15","0","0","0"
"2026-08-12","and","精选-banner","5","人人都说我爱你","2049","18","2366","19","0.0088","0.008"
"2026-08-12","and","精选-banner","5","人生切割术 第二季","4","0","4","0","0","0"
"2026-08-12","and","精选-banner","5","从地狱来的法官","1","0","4","0","0","0"
"2026-08-12","and","精选-banner","5","十二使者","6","0","20","0","0","0"
"2026-08-12","and","精选-banner","5","协商的技术","1","0","1","0","0","0"
"2026-08-12","and","精选-banner","5","善良的他","10","0","10","0","0","0"
"2026-08-12","and","精选-banner","5","善良的种类","1","0","1","0","0","0"
"2026-08-12","and","精选-banner","5","坏记忆橡皮擦","4","0","8","0","0","0"
"2026-08-12","and","精选-banner","5","好或坏的东载","1","0","1","0","0","0"
"2026-08-12","and","精选-banner","5","好搭档","3","0","3","0","0","0"
"2026-08-12","and","精选-banner","5","妈妈朋友的儿子","1","0","2","0","0","0"
"2026-08-12","and","精选-banner","5","德雷尔一家 第一季","1","0","1","0","0","0"
"2026-08-12","and","精选-banner","5","我的偶像总裁","1858","20","3934","46","0.0108","0.0117"
"2026-08-12","and","精选-banner","5","我的青春","5","0","5","0","0","0"
"2026-08-12","and","精选-banner","5","护你良辰 赠我繁星","2073","11","2525","12","0.0053","0.0048"
"2026-08-12","and","精选-banner","5","春画恋爱谈","2","0","2","0","0","0"
"2026-08-12","and","精选-banner","5","暴君的厨师","3","0","33","0","0","0"
"2026-08-12","and","精选-banner","5","暴风圈","5","0","5","0","0","0"
"2026-08-12","and","精选-banner","5","未选之人","17","0","38","0","0","0"
"2026-08-12","and","精选-banner","5","梦想成为律师的律师们","4","0","4","0","0","0"
"2026-08-12","and","精选-banner","5","母狮 第三季","1742","36","4080","92","0.0207","0.0225"
"2026-08-12","and","精选-banner","5","气体人","205","0","233","0","0","0"
"2026-08-12","and","精选-banner","5","照明商店","1","0","1","0","0","0"
"2026-08-12","and","精选-banner","5","爱在独木桥","1","0","1","0","0","0"
"2026-08-12","and","精选-banner","5","狂医魔徒","2","0","4","0","0","0"
"2026-08-12","and","精选-banner","5","病娇太子扶腰宠","1323","6","1591","6","0.0045","0.0038"
"2026-08-12","and","精选-banner","5","真相捕捉 第三季","9","0","9","0","0","0"
"2026-08-12","and","精选-banner","5","石油天王","2","0","2","0","0","0"
"2026-08-12","and","精选-banner","5","第一夫人","1","0","1","0","0","0"
"2026-08-12","and","精选-banner","5","紧急呼救第七季","1","0","1","0","0","0"
"2026-08-12","and","精选-banner","5","群体","77","0","166","0","0","0"
"2026-08-12","and","精选-banner","5","花葬","1","0","1","0","0","0"
"2026-08-12","and","精选-banner","5","豺狼的日子","3","0","4","0","0","0"
"2026-08-12","and","精选-banner","5","财阀X刑警 第二季","84938","1345","296007","4515","0.0158","0.0153"
"2026-08-12","and","精选-banner","5","顶级较量","2","0","2","0","0","0"
"2026-08-12","and","精选-banner","5","黑帮领地","3","0","3","0","0","0"
"2026-08-12","and","精选-banner","6","七宗罪","84","0","94","0","0","0"
"2026-08-12","and","精选-banner","6","共感细胞","137","1","152","1","0.0073","0.0066"
"2026-08-12","and","精选-banner","6","厨神觉醒从一笼包子开始","4601","19","7654","25","0.0041","0.0033"
"2026-08-12","and","精选-banner","6","局内人","1","0","2","0","0","0"
"2026-08-12","and","精选-banner","6","年会不能停！","11","0","12","0","0","0"
"2026-08-12","and","精选-banner","6","新攻壳机动队","124","0","139","0","0","0"
"2026-08-12","and","精选-banner","6","最后孤屋","47343","659","52577","735","0.0139","0.014"
"2026-08-12","and","精选-banner","6","杀人者的购物中心2","4484","40","10982","82","0.0089","0.0075"
"2026-08-12","and","精选-banner","6","波西米亚狂想曲","24","0","25","0","0","0"
"2026-08-12","and","精选-banner","6","爱你的基蒂 第二季","1","0","1","0","0","0"
"2026-08-12","and","精选-banner","6","百年孤独 第二季","91507","937","229146","2102","0.0102","0.0092"
"2026-08-12","and","精选-banner","6","真相捕捉 第三季","9","0","9","0","0","0"
"2026-08-12","and","精选-banner","6","福尔摩斯小姐3","7","0","14","0","0","0"
"2026-08-12","and","精选-banner","7","光环 第二季","1","0","1","0","0","0"
"2026-08-12","and","精选-banner","7","回声","1","0","1","0","0","0"
"2026-08-12","and","精选-banner","7","犯罪记录 第二季","12","1","13","1","0.0833","0.0769"
"2026-08-12","and","精选-banner","7","病娇太子扶腰宠","1323","6","1591","6","0.0045","0.0038"
"2026-08-12","and","精选-banner","7","聪明镇","713","5","2382","15","0.007","0.0063"
"2026-08-12","and","精选-banner","7","行尸走肉：达里尔·迪克森 第二季","2","0","2","0","0","0"
"2026-08-12","and","精选-banner","7","金特务：本色回归","493","1","626","1","0.002","0.0016"
"2026-08-12","and","精选-banner","7","驭君心","870","2","989","2","0.0023","0.002"
"2026-08-12","and","精选-banner","8","宿醉","143","0","148","0","0","0"
"2026-08-12","and","精选-banner","8","明天也要上班！","229","1","299","1","0.0044","0.0033"
"2026-08-12","and","精选-banner","8","最后孤屋","47343","659","105154","1470","0.0139","0.014"
"2026-08-12","and","精选-banner","8","母狮 第三季","1742","36","2040","46","0.0207","0.0225"
"2026-08-12","and","精选-banner","8","闪灵","57","0","62","0","0","0"
"2026-08-12","and","精选-banner","8","驭君心","870","2","989","2","0.0023","0.002"
"2026-08-12","and","精选-banner","9","度假法则","778","14","1708","30","0.018","0.0176"
"2026-08-12","and","精选-banner","9","惩罚者2：战争特区","1727","15","2190","16","0.0087","0.0073"
"2026-08-12","and","精选-banner","9","我的偶像总裁","1858","20","1967","23","0.0108","0.0117"
"2026-08-12","and","美剧-banner","1","侠探杰克 第四季","15413","659","67612","3016","0.0428","0.0446"
"2026-08-12","and","美剧-banner","1","扎克·施奈德版正义联盟","1373","19","1641","21","0.0138","0.0128"
"2026-08-12","and","美剧-banner","1","母狮 第三季","8844","238","9404","287","0.0269","0.0305"
"2026-08-12","and","美剧-banner","1","漫威丧尸","1","0","2","0","0","0"
"2026-08-12","and","美剧-banner","1","终极名单：黑狼","1","0","1","0","0","0"
"2026-08-12","and","美剧-banner","1","致命感应","41","0","46","0","0","0"
"2026-08-12","and","美剧-banner","11","基督山伯爵 剧版","1","0","1","0","0","0"
"2026-08-12","and","美剧-banner","12","鸡皮疙瘩(剧版) 第二季","1","0","1","0","0","0"
"2026-08-12","and","美剧-banner","13","母狮 第三季","8844","238","18808","574","0.0269","0.0305"
"2026-08-12","and","美剧-banner","14","梅菲尔女巫 第二季","1","0","1","0","0","0"
"2026-08-12","and","美剧-banner","2","七宗罪","468","5","507","6","0.0107","0.0118"
"2026-08-12","and","美剧-banner","2","我与沃尔特家男孩的生活 第三季","30613","506","68994","1146","0.0165","0.0166"
"2026-08-12","and","美剧-banner","2","致命感应","41","0","46","0","0","0"
"2026-08-12","and","美剧-banner","2","荒野猎人","15","0","15","0","0","0"
"2026-08-12","and","美剧-banner","2","青春碎片","14115","352","15194","414","0.0249","0.0272"
"2026-08-12","and","美剧-banner","20","行尸走肉：死亡之城 第三季","4756","129","4991","144","0.0271","0.0289"
"2026-08-12","and","美剧-banner","3","包法利夫人","14","0","15","0","0","0"
"2026-08-12","and","美剧-banner","3","波西米亚狂想曲","242","3","258","3","0.0124","0.0116"
"2026-08-12","and","美剧-banner","3","源代码","389","5","415","5","0.0129","0.012"
"2026-08-12","and","美剧-banner","3","漫威丧尸","1","0","1","0","0","0"
"2026-08-12","and","美剧-banner","3","青春碎片","14115","352","60776","1656","0.0249","0.0272"
"2026-08-12","and","美剧-banner","4","哥斯拉大战金刚","330","0","349","0","0","0"
"2026-08-12","and","美剧-banner","4","暗夜情报员 第二季","1","0","1","0","0","0"
"2026-08-12","and","美剧-banner","4","消失的爱人","296","5","312","5","0.0169","0.016"
"2026-08-12","and","美剧-banner","4","漫威丧尸","1","0","1","0","0","0"
"2026-08-12","and","美剧-banner","4","百年孤独 第二季","10252","207","32871","708","0.0202","0.0215"
"2026-08-12","and","美剧-banner","5","人生切割术 第二季","1","0","1","0","0","0"
"2026-08-12","and","美剧-banner","5","敏感之人","1","0","1","0","0","0"
"2026-08-12","and","美剧-banner","5","时间规划局","12","0","12","0","0","0"
"2026-08-12","and","美剧-banner","5","母狮 第三季","8844","238","18808","574","0.0269","0.0305"
"2026-08-12","and","美剧-banner","5","消失的爱人","296","5","312","5","0.0169","0.016"
"2026-08-12","and","美剧-banner","5","致命感应","41","0","46","0","0","0"
"2026-08-12","and","美剧-banner","6","七宗罪","468","5","507","6","0.0107","0.0118"
"2026-08-12","and","美剧-banner","6","斯特林角","7933","334","16812","802","0.0421","0.0477"
"2026-08-12","and","美剧-banner","6","波西米亚狂想曲","242","3","258","3","0.0124","0.0116"
"2026-08-12","and","美剧-banner","6","爱你的基蒂 第二季","1","0","1","0","0","0"
"2026-08-12","and","美剧-banner","6","百年孤独 第二季","10252","207","21914","472","0.0202","0.0215"
"2026-08-12","and","美剧-banner","6","致命感应","41","0","46","0","0","0"
"2026-08-12","and","美剧-banner","6","银行家","10","1","10","1","0.1","0.1"
"2026-08-12","and","美剧-banner","8","母狮 第三季","8844","238","9404","287","0.0269","0.0305"
"2026-08-12","and","英剧-banner","1","9号秘事 第二季","88","3","90","3","0.0341","0.0333"
"2026-08-12","and","英剧-banner","1","尝试 第五季","2120","32","2222","35","0.0151","0.0158"
"2026-08-12","and","英剧-banner","1","足球教练 第四季","10235","101","21986","222","0.0099","0.0101"
"2026-08-12","and","英剧-banner","15","克拉克森的农场 第五季","3851","34","4007","36","0.0088","0.009"
"2026-08-12","and","英剧-banner","17","克拉克森的农场 第五季","3851","34","4007","36","0.0088","0.009"
"2026-08-12","and","英剧-banner","2","克拉克森的农场 第五季","3851","34","8014","72","0.0088","0.009"
"2026-08-12","and","英剧-banner","2","古宅老友记","4","0","4","0","0","0"
"2026-08-12","and","英剧-banner","2","尝试 第五季","2120","32","2222","35","0.0151","0.0158"
"2026-08-12","and","英剧-banner","2","疼痛难免","4","0","4","0","0","0"
"2026-08-12","and","英剧-banner","20","克拉克森的农场 第五季","3851","34","4007","36","0.0088","0.009"
"2026-08-12","and","英剧-banner","21","未选之人","2049","26","2126","29","0.0127","0.0136"
"2026-08-12","and","英剧-banner","21","犯罪记录 第二季","10","0","10","0","0","0"
"2026-08-12","and","英剧-banner","23","未选之人","2049","26","2126","29","0.0127","0.0136"
"2026-08-12","and","英剧-banner","3","克拉克森的农场 第五季","3851","34","4007","36","0.0088","0.009"
"2026-08-12","and","英剧-banner","3","好女孩的谋杀调查指南 第二季","2506","33","5210","70","0.0132","0.0134"
"2026-08-12","and","英剧-banner","3","疼痛难免","4","0","4","0","0","0"
"2026-08-12","and","英剧-banner","4","为奴13年","4","0","4","0","0","0"
"2026-08-12","and","英剧-banner","4","好兆头 第三季","84","1","89","1","0.0119","0.0112"
"2026-08-12","and","英剧-banner","4","好女孩的谋杀调查指南 第二季","2506","33","2605","35","0.0132","0.0134"
"2026-08-12","and","英剧-banner","4","未选之人","2049","26","2126","29","0.0127","0.0136"
"2026-08-12","and","英剧-banner","5","未选之人","2049","26","4252","58","0.0127","0.0136"
"2026-08-12","and","英剧-banner","5","真相捕捉 第三季","1744","36","1807","38","0.0206","0.021"
"2026-08-12","and","英剧-banner","5","米兰达","4","0","4","0","0","0"
"2026-08-12","and","英剧-banner","6","9号秘事 第二季","88","3","90","3","0.0341","0.0333"
"2026-08-12","and","英剧-banner","6","尝试 第五季","2120","32","2222","35","0.0151","0.0158"
"2026-08-12","and","英剧-banner","6","真相捕捉 第三季","1744","36","1807","38","0.0206","0.021"
"2026-08-12","and","英剧-banner","6","超能少年 第一季","3","0","3","0","0","0"
"2026-08-12","and","英剧-banner","7","古宅老友记","4","0","4","0","0","0"
"2026-08-12","and","英剧-banner","7","犯罪记录 第二季","10","0","10","0","0","0"
"2026-08-12","and","英剧-banner","8","为奴13年","4","0","4","0","0","0"
"2026-08-12","and","韩剧-banner","1","下流大盗","1","0","2","0","0","0"
"2026-08-12","and","韩剧-banner","1","啊！因为是男高，所以很幸福","25","0","27","0","0","0"
"2026-08-12","and","韩剧-banner","1","善良的他","1","0","1","0","0","0"
"2026-08-12","and","韩剧-banner","1","我们的电影","1","0","1","0","0","0"
"2026-08-12","and","韩剧-banner","1","我的荒糖恋爱","44073","927","152697","3096","0.021","0.0203"
"2026-08-12","and","韩剧-banner","1","拿着手术刀的猎人","1","0","2","0","0","0"
"2026-08-12","and","韩剧-banner","1","瑞草洞","2","0","4","0","0","0"
"2026-08-12","and","韩剧-banner","1","竞选伙伴","1","0","2","0","0","0"
"2026-08-12","and","韩剧-banner","1","鬼谜东宫","1215","19","1439","20","0.0156","0.0139"
"2026-08-12","and","韩剧-banner","10","我的偶像总裁","8212","245","8666","275","0.0298","0.0317"
"2026-08-12","and","韩剧-banner","11","我的偶像总裁","8212","245","8666","275","0.0298","0.0317"
"2026-08-12","and","韩剧-banner","16","现在不是出轨的问题","9491","288","30231","954","0.0303","0.0316"
"2026-08-12","and","韩剧-banner","2","下流大盗","1","0","2","0","0","0"
"2026-08-12","and","韩剧-banner","2","善良的他","1","0","1","0","0","0"
"2026-08-12","and","韩剧-banner","2","恋爱播放列表 第三季","13","1","14","1","0.0769","0.0714"
"2026-08-12","and","韩剧-banner","2","我的荒糖恋爱","44073","927","101798","2064","0.021","0.0203"
"2026-08-12","and","韩剧-banner","2","拿着手术刀的猎人","1","0","1","0","0","0"
"2026-08-12","and","韩剧-banner","2","杀手妈咪","11853","278","12649","312","0.0235","0.0247"
"2026-08-12","and","韩剧-banner","2","竞选伙伴","1","0","1","0","0","0"
"2026-08-12","and","韩剧-banner","2","给你梦想","709","9","809","9","0.0127","0.0111"
"2026-08-12","and","韩剧-banner","2","财阀X刑警 第二季","18985","767","20404","877","0.0404","0.043"
"2026-08-12","and","韩剧-banner","21","杀人者的购物中心2","7384","321","7764","362","0.0435","0.0466"
"2026-08-12","and","韩剧-banner","22","杀人者的购物中心2","7384","321","15528","724","0.0435","0.0466"
"2026-08-12","and","韩剧-banner","3","S-line","1","0","1","0","0","0"
"2026-08-12","and","韩剧-banner","3","下流大盗","1","0","3","0","0","0"
"2026-08-12","and","韩剧-banner","3","公寓","602","10","667","10","0.0166","0.015"
"2026-08-12","and","韩剧-banner","3","善良的他","1","0","1","0","0","0"
"2026-08-12","and","韩剧-banner","3","局内人","12","0","12","0","0","0"
"2026-08-12","and","韩剧-banner","3","恋爱播放列表 第三季","13","1","14","1","0.0769","0.0714"
"2026-08-12","and","韩剧-banner","3","杀手妈咪","11853","278","25298","624","0.0235","0.0247"
"2026-08-12","and","韩剧-banner","3","瑞草洞","2","0","4","0","0","0"
"2026-08-12","and","韩剧-banner","3","竞选伙伴","1","0","2","0","0","0"
"2026-08-12","and","韩剧-banner","3","财阀X刑警 第二季","18985","767","20404","877","0.0404","0.043"
"2026-08-12","and","韩剧-banner","4","S-line","1","0","2","0","0","0"
"2026-08-12","and","韩剧-banner","4","善良的他","1","0","3","0","0","0"
"2026-08-12","and","韩剧-banner","4","婚姻之后","529","7","577","9","0.0132","0.0156"
"2026-08-12","and","韩剧-banner","4","我们的电影","1","0","2","0","0","0"
"2026-08-12","and","韩剧-banner","4","拿着手术刀的猎人","1","0","2","0","0","0"
"2026-08-12","and","韩剧-banner","4","杀手妈咪","11853","278","25298","624","0.0235","0.0247"
"2026-08-12","and","韩剧-banner","4","检察官外传","10","0","20","0","0","0"
"2026-08-12","and","韩剧-banner","4","现在不是出轨的问题","9491","288","20154","636","0.0303","0.0316"
"2026-08-12","and","韩剧-banner","5","S-line","1","0","1","0","0","0"
"2026-08-12","and","韩剧-banner","5","卑劣的街头","9","0","9","0","0","0"
"2026-08-12","and","韩剧-banner","5","善良的他","1","0","1","0","0","0"
"2026-08-12","and","韩剧-banner","5","孤单又灿烂的神：鬼怪十周年特辑","431","5","462","5","0.0116","0.0108"
"2026-08-12","and","韩剧-banner","5","我的偶像总裁","8212","245","17332","550","0.0298","0.0317"
"2026-08-12","and","韩剧-banner","5","竞选伙伴","1","0","1","0","0","0"
"2026-08-12","and","韩剧-banner","5","财阀X刑警 第二季","18985","767","61212","2631","0.0404","0.043"
"2026-08-12","and","韩剧-banner","6","假如爱有天意","7","0","7","0","0","0"
"2026-08-12","and","韩剧-banner","6","共感细胞","367","3","387","5","0.0082","0.0129"
"2026-08-12","and","韩剧-banner","6","局内人","12","0","24","0","0","0"
"2026-08-12","and","韩剧-banner","6","杀人者的购物中心2","7384","321","15528","724","0.0435","0.0466"
"2026-08-12","and","韩剧-banner","7","金特务：本色回归","11","0","11","0","0","0"
"2026-08-12","and","韩剧-banner","8","明天也要上班！","6","0","6","0","0","0"
"2026-08-12","and","韩剧-banner","9","我的偶像总裁","8212","245","8666","275","0.0298","0.0317"
