date,client_name,season_name,season_type,play_uv,play_vv,play_ratio_percent,date_client_total_play_uv,date_client_total_play_vv,source
2026-08-01,安卓,泰剧,TH,1376339,4621089,66.0936,2359198,6991739,seasonTypePlayRatio
2026-08-01,安卓,韩剧,KR,390204,1005748,14.3848,2359198,6991739,seasonTypePlayRatio
2026-08-01,安卓,美剧,USK,219349,617691,8.8346,2359198,6991739,seasonTypePlayRatio
2026-08-01,安卓,电影,movie,151380,213039,3.047,2359198,6991739,seasonTypePlayRatio
2026-08-01,安卓,日剧,JP,86739,194447,2.7811,2359198,6991739,seasonTypePlayRatio
2026-08-01,安卓,短剧,短剧,52558,139951,2.0017,2359198,6991739,seasonTypePlayRatio
2026-08-01,安卓,国产,CHN,32408,91437,1.3078,2359198,6991739,seasonTypePlayRatio
2026-08-01,安卓,其他,OTHER,25391,55248,0.7902,2359198,6991739,seasonTypePlayRatio
2026-08-01,安卓,英剧,UK,24830,53089,0.7593,2359198,6991739,seasonTypePlayRatio
2026-08-01,iOS,泰剧,TH,136933,460809,42.4379,311847,1085844,seasonTypePlayRatio
2026-08-01,iOS,电影,movie,28312,218240,20.0987,311847,1085844,seasonTypePlayRatio
2026-08-01,iOS,韩剧,KR,70940,191706,17.655,311847,1085844,seasonTypePlayRatio
2026-08-01,iOS,美剧,USK,43195,127486,11.7407,311847,1085844,seasonTypePlayRatio
2026-08-01,iOS,日剧,JP,12136,36299,3.3429,311847,1085844,seasonTypePlayRatio
2026-08-01,iOS,国产,CHN,5605,16891,1.5556,311847,1085844,seasonTypePlayRatio
2026-08-01,iOS,英剧,UK,4984,12686,1.1683,311847,1085844,seasonTypePlayRatio
2026-08-01,iOS,其他,OTHER,5088,10886,1.0025,311847,1085844,seasonTypePlayRatio
2026-08-01,iOS,短剧,短剧,4654,10841,0.9984,311847,1085844,seasonTypePlayRatio
2026-08-01,M站,美剧,USK,39573,114690,29.4374,139940,389607,seasonTypePlayRatio
2026-08-01,M站,泰剧,TH,27606,105012,26.9533,139940,389607,seasonTypePlayRatio
2026-08-01,M站,韩剧,KR,31793,87369,22.4249,139940,389607,seasonTypePlayRatio
2026-08-01,M站,电影,movie,16973,27782,7.1308,139940,389607,seasonTypePlayRatio
2026-08-01,M站,日剧,JP,7752,16676,4.2802,139940,389607,seasonTypePlayRatio
2026-08-01,M站,英剧,UK,6040,13542,3.4758,139940,389607,seasonTypePlayRatio
2026-08-01,M站,其他,OTHER,5440,11743,3.0141,139940,389607,seasonTypePlayRatio
2026-08-01,M站,国产,CHN,3255,8554,2.1955,139940,389607,seasonTypePlayRatio
2026-08-01,M站,短剧,短剧,1508,4239,1.088,139940,389607,seasonTypePlayRatio
2026-08-02,安卓,泰剧,TH,1191382,3950409,62.1008,2182483,6361288,seasonTypePlayRatio
2026-08-02,安卓,韩剧,KR,385094,1009174,15.8643,2182483,6361288,seasonTypePlayRatio
2026-08-02,安卓,美剧,USK,229740,646038,10.1558,2182483,6361288,seasonTypePlayRatio
2026-08-02,安卓,电影,movie,154416,218941,3.4418,2182483,6361288,seasonTypePlayRatio
2026-08-02,安卓,日剧,JP,90512,204324,3.212,2182483,6361288,seasonTypePlayRatio
2026-08-02,安卓,短剧,短剧,50979,132191,2.0781,2182483,6361288,seasonTypePlayRatio
2026-08-02,安卓,国产,CHN,27800,83733,1.3163,2182483,6361288,seasonTypePlayRatio
2026-08-02,安卓,其他,OTHER,27440,61888,0.9729,2182483,6361288,seasonTypePlayRatio
2026-08-02,安卓,英剧,UK,25120,54590,0.8582,2182483,6361288,seasonTypePlayRatio
2026-08-02,iOS,泰剧,TH,116648,378569,38.494,291452,983449,seasonTypePlayRatio
2026-08-02,iOS,韩剧,KR,68746,197415,20.0737,291452,983449,seasonTypePlayRatio
2026-08-02,iOS,电影,movie,28229,194527,19.7801,291452,983449,seasonTypePlayRatio
2026-08-02,iOS,美剧,USK,44814,133138,13.5379,291452,983449,seasonTypePlayRatio
2026-08-02,iOS,日剧,JP,12902,30197,3.0705,291452,983449,seasonTypePlayRatio
2026-08-02,iOS,国产,CHN,4813,14314,1.4555,291452,983449,seasonTypePlayRatio
2026-08-02,iOS,英剧,UK,5424,13019,1.3238,291452,983449,seasonTypePlayRatio
2026-08-02,iOS,其他,OTHER,5084,11988,1.219,291452,983449,seasonTypePlayRatio
2026-08-02,iOS,短剧,短剧,4792,10282,1.0455,291452,983449,seasonTypePlayRatio
2026-08-02,M站,美剧,USK,41351,121856,31.4514,138919,387442,seasonTypePlayRatio
2026-08-02,M站,韩剧,KR,32261,93401,24.1071,138919,387442,seasonTypePlayRatio
2026-08-02,M站,泰剧,TH,24110,86674,22.3708,138919,387442,seasonTypePlayRatio
2026-08-02,M站,电影,movie,18638,30425,7.8528,138919,387442,seasonTypePlayRatio
2026-08-02,M站,日剧,JP,7213,16633,4.293,138919,387442,seasonTypePlayRatio
2026-08-02,M站,其他,OTHER,5803,13649,3.5228,138919,387442,seasonTypePlayRatio
2026-08-02,M站,英剧,UK,5397,13080,3.376,138919,387442,seasonTypePlayRatio
2026-08-02,M站,国产,CHN,2580,7381,1.9051,138919,387442,seasonTypePlayRatio
2026-08-02,M站,短剧,短剧,1566,4343,1.1209,138919,387442,seasonTypePlayRatio
2026-08-03,安卓,泰剧,TH,827064,2700607,56.136,1695139,4810830,seasonTypePlayRatio
2026-08-03,安卓,韩剧,KR,326090,843983,17.5434,1695139,4810830,seasonTypePlayRatio
2026-08-03,安卓,美剧,USK,223365,624787,12.9871,1695139,4810830,seasonTypePlayRatio
2026-08-03,安卓,日剧,JP,84369,187267,3.8926,1695139,4810830,seasonTypePlayRatio
2026-08-03,安卓,电影,movie,122659,172976,3.5956,1695139,4810830,seasonTypePlayRatio
2026-08-03,安卓,短剧,短剧,42748,113445,2.3581,1695139,4810830,seasonTypePlayRatio
2026-08-03,安卓,国产,CHN,23282,69236,1.4392,1695139,4810830,seasonTypePlayRatio
2026-08-03,安卓,其他,OTHER,23661,51805,1.0768,1695139,4810830,seasonTypePlayRatio
2026-08-03,安卓,英剧,UK,21901,46724,0.9712,1695139,4810830,seasonTypePlayRatio
2026-08-03,iOS,泰剧,TH,73648,230836,30.8002,227453,749462,seasonTypePlayRatio
2026-08-03,iOS,韩剧,KR,59553,156102,20.8285,227453,749462,seasonTypePlayRatio
2026-08-03,iOS,电影,movie,22076,150341,20.0599,227453,749462,seasonTypePlayRatio
2026-08-03,iOS,美剧,USK,44369,134027,17.8831,227453,749462,seasonTypePlayRatio
2026-08-03,iOS,日剧,JP,11219,39545,5.2765,227453,749462,seasonTypePlayRatio
2026-08-03,iOS,国产,CHN,4118,11601,1.5479,227453,749462,seasonTypePlayRatio
2026-08-03,iOS,英剧,UK,4642,9546,1.2737,227453,749462,seasonTypePlayRatio
2026-08-03,iOS,其他,OTHER,4069,8918,1.1899,227453,749462,seasonTypePlayRatio
2026-08-03,iOS,短剧,短剧,3759,8546,1.1403,227453,749462,seasonTypePlayRatio
2026-08-03,M站,美剧,USK,41268,117019,35.5045,125540,329589,seasonTypePlayRatio
2026-08-03,M站,韩剧,KR,28585,78024,23.6731,125540,329589,seasonTypePlayRatio
2026-08-03,M站,泰剧,TH,16335,57259,17.3728,125540,329589,seasonTypePlayRatio
2026-08-03,M站,电影,movie,17484,28038,8.507,125540,329589,seasonTypePlayRatio
2026-08-03,M站,日剧,JP,7361,15231,4.6212,125540,329589,seasonTypePlayRatio
2026-08-03,M站,其他,OTHER,5935,13525,4.1036,125540,329589,seasonTypePlayRatio
2026-08-03,M站,英剧,UK,5305,11992,3.6385,125540,329589,seasonTypePlayRatio
2026-08-03,M站,国产,CHN,2099,5553,1.6848,125540,329589,seasonTypePlayRatio
2026-08-03,M站,短剧,短剧,1168,2948,0.8944,125540,329589,seasonTypePlayRatio
2026-08-04,安卓,泰剧,TH,779914,2555277,55.2003,1632002,4629098,seasonTypePlayRatio
2026-08-04,安卓,韩剧,KR,317026,819200,17.6968,1632002,4629098,seasonTypePlayRatio
2026-08-04,安卓,美剧,USK,218579,608160,13.1378,1632002,4629098,seasonTypePlayRatio
2026-08-04,安卓,日剧,JP,85851,193893,4.1886,1632002,4629098,seasonTypePlayRatio
2026-08-04,安卓,电影,movie,123341,175549,3.7923,1632002,4629098,seasonTypePlayRatio
2026-08-04,安卓,短剧,短剧,40080,105168,2.2719,1632002,4629098,seasonTypePlayRatio
2026-08-04,安卓,国产,CHN,23253,74093,1.6006,1632002,4629098,seasonTypePlayRatio
2026-08-04,安卓,其他,OTHER,21919,50829,1.098,1632002,4629098,seasonTypePlayRatio
2026-08-04,安卓,英剧,UK,22039,46929,1.0138,1632002,4629098,seasonTypePlayRatio
2026-08-04,iOS,泰剧,TH,69215,214887,31.007,218705,693027,seasonTypePlayRatio
2026-08-04,iOS,韩剧,KR,57875,149513,21.5739,218705,693027,seasonTypePlayRatio
2026-08-04,iOS,美剧,USK,41796,136419,19.6845,218705,693027,seasonTypePlayRatio
2026-08-04,iOS,电影,movie,21865,126908,18.3121,218705,693027,seasonTypePlayRatio
2026-08-04,iOS,日剧,JP,11458,27710,3.9984,218705,693027,seasonTypePlayRatio
2026-08-04,iOS,国产,CHN,4155,11289,1.6289,218705,693027,seasonTypePlayRatio
2026-08-04,iOS,英剧,UK,4853,9987,1.4411,218705,693027,seasonTypePlayRatio
2026-08-04,iOS,其他,OTHER,3910,8401,1.2122,218705,693027,seasonTypePlayRatio
2026-08-04,iOS,短剧,短剧,3578,7913,1.1418,218705,693027,seasonTypePlayRatio
2026-08-04,M站,美剧,USK,38461,113995,36.2648,115136,314341,seasonTypePlayRatio
2026-08-04,M站,韩剧,KR,27841,77165,24.5482,115136,314341,seasonTypePlayRatio
2026-08-04,M站,泰剧,TH,15259,53005,16.8623,115136,314341,seasonTypePlayRatio
2026-08-04,M站,电影,movie,14765,24834,7.9003,115136,314341,seasonTypePlayRatio
2026-08-04,M站,日剧,JP,6570,15096,4.8024,115136,314341,seasonTypePlayRatio
2026-08-04,M站,其他,OTHER,4695,11020,3.5057,115136,314341,seasonTypePlayRatio
2026-08-04,M站,英剧,UK,4523,10792,3.4332,115136,314341,seasonTypePlayRatio
2026-08-04,M站,国产,CHN,1942,5126,1.6307,115136,314341,seasonTypePlayRatio
2026-08-04,M站,短剧,短剧,1080,3308,1.0524,115136,314341,seasonTypePlayRatio
2026-08-05,安卓,泰剧,TH,809909,2710503,56.5946,1655914,4789333,seasonTypePlayRatio
2026-08-05,安卓,韩剧,KR,313772,833003,17.3929,1655914,4789333,seasonTypePlayRatio
2026-08-05,安卓,美剧,USK,212205,591184,12.3438,1655914,4789333,seasonTypePlayRatio
2026-08-05,安卓,日剧,JP,80824,182986,3.8207,1655914,4789333,seasonTypePlayRatio
2026-08-05,安卓,电影,movie,119402,169686,3.543,1655914,4789333,seasonTypePlayRatio
2026-08-05,安卓,短剧,短剧,42362,112579,2.3506,1655914,4789333,seasonTypePlayRatio
2026-08-05,安卓,国产,CHN,23035,77047,1.6087,1655914,4789333,seasonTypePlayRatio
2026-08-05,安卓,其他,OTHER,32762,66000,1.3781,1655914,4789333,seasonTypePlayRatio
2026-08-05,安卓,英剧,UK,21643,46345,0.9677,1655914,4789333,seasonTypePlayRatio
2026-08-05,iOS,泰剧,TH,71991,227997,32.0115,219296,712235,seasonTypePlayRatio
2026-08-05,iOS,韩剧,KR,57311,152102,21.3556,219296,712235,seasonTypePlayRatio
2026-08-05,iOS,电影,movie,21250,137827,19.3513,219296,712235,seasonTypePlayRatio
2026-08-05,iOS,美剧,USK,40531,124163,17.4329,219296,712235,seasonTypePlayRatio
2026-08-05,iOS,日剧,JP,10740,29337,4.119,219296,712235,seasonTypePlayRatio
2026-08-05,iOS,其他,OTHER,5636,11002,1.5447,219296,712235,seasonTypePlayRatio
2026-08-05,iOS,国产,CHN,3652,10414,1.4622,219296,712235,seasonTypePlayRatio
2026-08-05,iOS,短剧,短剧,3573,9859,1.3842,219296,712235,seasonTypePlayRatio
2026-08-05,iOS,英剧,UK,4612,9534,1.3386,219296,712235,seasonTypePlayRatio
2026-08-05,M站,美剧,USK,35972,109529,35.2565,110438,310663,seasonTypePlayRatio
2026-08-05,M站,韩剧,KR,27493,79241,25.5071,110438,310663,seasonTypePlayRatio
2026-08-05,M站,泰剧,TH,14663,53481,17.2151,110438,310663,seasonTypePlayRatio
2026-08-05,M站,电影,movie,13921,23728,7.6379,110438,310663,seasonTypePlayRatio
2026-08-05,M站,日剧,JP,5901,13761,4.4296,110438,310663,seasonTypePlayRatio
2026-08-05,M站,其他,OTHER,5392,12403,3.9924,110438,310663,seasonTypePlayRatio
2026-08-05,M站,英剧,UK,4342,10554,3.3973,110438,310663,seasonTypePlayRatio
2026-08-05,M站,国产,CHN,1666,4576,1.473,110438,310663,seasonTypePlayRatio
2026-08-05,M站,短剧,短剧,1088,3390,1.0912,110438,310663,seasonTypePlayRatio
2026-08-06,安卓,泰剧,TH,761521,2509196,54.585,1609184,4596858,seasonTypePlayRatio
2026-08-06,安卓,韩剧,KR,311575,836946,18.2069,1609184,4596858,seasonTypePlayRatio
2026-08-06,安卓,美剧,USK,210884,584250,12.7098,1609184,4596858,seasonTypePlayRatio
2026-08-06,安卓,日剧,JP,82920,187430,4.0774,1609184,4596858,seasonTypePlayRatio
2026-08-06,安卓,电影,movie,116666,164637,3.5815,1609184,4596858,seasonTypePlayRatio
2026-08-06,安卓,短剧,短剧,48722,128156,2.7879,1609184,4596858,seasonTypePlayRatio
2026-08-06,安卓,国产,CHN,21027,70680,1.5376,1609184,4596858,seasonTypePlayRatio
2026-08-06,安卓,其他,OTHER,34562,70231,1.5278,1609184,4596858,seasonTypePlayRatio
2026-08-06,安卓,英剧,UK,21307,45332,0.9862,1609184,4596858,seasonTypePlayRatio
2026-08-06,iOS,泰剧,TH,66071,204422,29.3389,210964,696760,seasonTypePlayRatio
2026-08-06,iOS,韩剧,KR,55749,151484,21.7412,210964,696760,seasonTypePlayRatio
2026-08-06,iOS,电影,movie,19980,136084,19.531,210964,696760,seasonTypePlayRatio
2026-08-06,iOS,美剧,USK,40766,128261,18.4082,210964,696760,seasonTypePlayRatio
2026-08-06,iOS,日剧,JP,10855,28314,4.0637,210964,696760,seasonTypePlayRatio
2026-08-06,iOS,短剧,短剧,3772,16525,2.3717,210964,696760,seasonTypePlayRatio
2026-08-06,iOS,其他,OTHER,5895,12642,1.8144,210964,696760,seasonTypePlayRatio
2026-08-06,iOS,国产,CHN,3449,9562,1.3724,210964,696760,seasonTypePlayRatio
2026-08-06,iOS,英剧,UK,4427,9466,1.3586,210964,696760,seasonTypePlayRatio
2026-08-06,M站,美剧,USK,38615,111907,35.9476,115689,311306,seasonTypePlayRatio
2026-08-06,M站,韩剧,KR,27153,76083,24.4399,115689,311306,seasonTypePlayRatio
2026-08-06,M站,泰剧,TH,14465,51516,16.5483,115689,311306,seasonTypePlayRatio
2026-08-06,M站,电影,movie,14867,24216,7.7788,115689,311306,seasonTypePlayRatio
2026-08-06,M站,日剧,JP,6718,15141,4.8637,115689,311306,seasonTypePlayRatio
2026-08-06,M站,其他,OTHER,6096,13528,4.3456,115689,311306,seasonTypePlayRatio
2026-08-06,M站,英剧,UK,4944,11285,3.6251,115689,311306,seasonTypePlayRatio
2026-08-06,M站,国产,CHN,1640,4291,1.3784,115689,311306,seasonTypePlayRatio
2026-08-06,M站,短剧,短剧,1191,3339,1.0726,115689,311306,seasonTypePlayRatio
